id,title,description,category,created_at,active
1,Content Item 1,This is a sample description for content item 1.,general,2025-01-01,True
2,Content Item 2,This is a sample description for content item 2.,general,2025-01-02,True
3,Content Item 3,This is a sample description for content item 3.,news,2025-01-03,False
4,Content Item 4,This is a sample description for content item 4.,news,2025-01-04,True
5,Content Item 5,This is a sample description for content item 5.,blog,2025-01-05,True
6,Content Item 6,This is a sample description for content item 6.,blog,2025-01-06,False
7,Content Item 7,This is a sample description for content item 7.,tutorial,2025-01-07,True
8,Content Item 8,This is a sample description for content item 8.,tutorial,2025-01-08,True
9,Content Item 9,This is a sample description for content item 9.,general,2025-01-09,False
10,Content Item 10,This is a sample description for content item 10.,general,2025-01-10,True
11,Content Item 11,This is a sample description for content item 11.,news,2025-01-11,True
12,Content Item 12,This is a sample description for content item 12.,news,2025-01-12,False
13,Content Item 13,This is a sample description for content item 13.,blog,2025-01-13,True
14,Content Item 14,This is a sample description for content item 14.,blog,2025-01-14,True
15,Content Item 15,This is a sample description for content item 15.,tutorial,2025-01-15,False
16,Content Item 16,This is a sample description for content item 16.,tutorial,2025-01-16,True
17,Content Item 17,This is a sample description for content item 17.,general,2025-01-17,True
18,Content Item 18,This is a sample description for content item 18.,general,2025-01-18,False
19,Content Item 19,This is a sample description for content item 19.,news,2025-01-19,True
20,Content Item 20,This is a sample description for content item 20.,news,2025-01-20,True
21,Content Item 21,This is a sample description for content item 21.,blog,2025-01-21,False
22,Content Item 22,This is a sample description for content item 22.,blog,2025-01-22,True
23,Content Item 23,This is a sample description for content item 23.,tutorial,2025-01-23,True
24,Content Item 24,This is a sample description for content item 24.,tutorial,2025-01-24,False
25,Content Item 25,This is a sample description for content item 25.,general,2025-01-25,True
26,Content Item 26,This is a sample description for content item 26.,general,2025-01-26,True
27,Content Item 27,This is a sample description for content item 27.,news,2025-01-27,False
28,Content Item 28,This is a sample description for content item 28.,news,2025-01-28,True
29,Content Item 29,This is a sample description for content item 29.,blog,2025-01-29,True
30,Content Item 30,This is a sample description for content item 30.,blog,2025-01-30,False
31,Content Item 31,This is a sample description for content item 31.,tutorial,2025-01-31,True
32,Content Item 32,This is a sample description for content item 32.,tutorial,2025-02-01,True
33,Content Item 33,This is a sample description for content item 33.,general,2025-02-02,False
34,Content Item 34,This is a sample description for content item 34.,general,2025-02-03,True
35,Content Item 35,This is a sample description for content item 35.,news,2025-02-04,True
36,Content Item 36,This is a sample description for content item 36.,news,2025-02-05,False
37,Content Item 37,This is a sample description for content item 37.,blog,2025-02-06,True
38,Content Item 38,This is a sample description for content item 38.,blog,2025-02-07,True
39,Content Item 39,This is a sample description for content item 39.,tutorial,2025-02-08,False
40,Content Item 40,This is a sample description for content item 40.,tutorial,2025-02-09,True
41,Content Item 41,This is a sample description for content item 41.,general,2025-02-10,True
42,Content Item 42,This is a sample description for content item 42.,general,2025-02-11,False
43,Content Item 43,This is a sample description for content item 43.,news,2025-02-12,True
44,Content Item 44,This is a sample description for content item 44.,news,2025-02-13,True
45,Content Item 45,This is a sample description for content item 45.,blog,2025-02-14,False
46,Content Item 46,This is a sample description for content item 46.,blog,2025-02-15,True
47,Content Item 47,This is a sample description for content item 47.,tutorial,2025-02-16,True
48,Content Item 48,This is a sample description for content item 48.,tutorial,2025-02-17,False
49,Content Item 49,This is a sample description for content item 49.,general,2025-02-18,True
50,Content Item 50,This is a sample description for content item 50.,general,2025-02-19,True
